y_test,y_pred,mp
106.44,90.24192,0.15218037888771696
89.6,89.58329,0.0001864944185528802
104.28,109.09803,0.04620282019881118
90.83,92.04105,0.013333191368189563
91.16,92.13011,0.010641857112066049
121.18,91.09576,0.248260797732615
97.43,100.81637,0.034756934240247735
89.08,90.61484,0.01722987928249188
89.91,91.09576,0.01318826082484398
105.91,108.86537,0.027904557682008932
111.88,109.09803,0.024865658827922455
110.53,109.08391,0.013083252682034864
111.86,108.15024,0.03316433008126787
110.49,110.21631,0.002477069474613041
94.82,91.09576,0.039276982379648544
94.59,91.39794,0.03374625658784792
88.28,92.04207,0.04261518442960253
90.44,91.09576,0.00725073563425167
88.18,91.09576,0.03306596201816411
77.36,76.406136,0.01233020218353113
92.83,91.328415,0.016175644543873866
88.39,91.09576,0.030611568398707073
108.99,109.091034,0.0009270018859242143
78.19,82.256485,0.052007737375004026
91.59,92.047005,0.004989679001059372
88.24,91.3789,0.035572287178212536
87.17,92.04105,0.05587993314182235
100.59,99.33989,0.012427780829434494
111.04,109.27256,0.015917145896713798
99.48,100.590836,0.011166421102624231
73.36,78.558266,0.07085967401901795
120.17,109.09803,0.09213589006963444
100.11,99.33989,0.007692642829215982
94.0,90.180214,0.04063602204018451
100.77,91.328415,0.09369440391989489
114.13,99.8611,0.12502322576742253
97.86,91.09576,0.06912163774001921
108.56,111.24859,0.024765922641964963
107.68,92.04207,0.14522596135359114
73.76,76.406136,0.03587493979232682
87.94,91.80941,0.0440005696522043
85.91,91.3037,0.0627831836585435
90.18,91.89745,0.01904472508433646
109.38,100.00318,0.08572699344012127
91.38,91.65189,0.002975417112307516
89.28,91.09576,0.020337774762116012
83.42,76.41326,0.08399350978693099
97.32,100.58371,0.033535858166840134
106.19,108.15024,0.01845972348723399
101.64,101.034904,0.005953320740058361
88.81,91.80941,0.033773337408116666
136.47,109.0399,0.20099727607973591
90.39,90.63638,0.0027257778143669037
90.01,91.89745,0.020969373493005927
101.45,95.160835,0.061992752428651765
113.67,94.88488,0.16526013841894988
110.66,108.89834,0.015919588669156902
102.09,91.55189,0.10322374853357794
87.68,89.95719,0.025971618011920043
91.53,90.86904,0.007221223174138615
90.25,91.65189,0.015533447265625
98.04,91.09576,0.07083071674049661
98.44,92.423035,0.061123174847940345
93.53,92.047005,0.015855824872158343
114.39,109.59691,0.04190131506831072
119.71,109.59691,0.08447992173305535
77.69,76.406136,0.016525478709202814
86.48,91.09576,0.05337368791352584
110.24,108.86537,0.01246941487571147
107.78,91.8669,0.1476442978010038
110.36,109.86917,0.004447524985700203
121.22,107.91758,0.10973783492097915
101.43,91.65189,0.0964025079786784
141.39,92.75471,0.34397972037325275
104.16,92.04207,0.11633958831177693
114.37,108.86537,0.04813000171284814
128.93,93.01231,0.2785829037975731
73.15,76.406136,0.04451313136134006
110.54,134.13617,0.21346272330010624
128.78,110.21631,0.1441504224743749
97.27,100.81637,0.03645901205949777
89.84,90.54809,0.007881657098513638
108.76,100.58371,0.07517736560503062
98.01,91.09576,0.07054630618547379
113.87,91.65189,0.19511817321750546
94.03,90.22746,0.04043961747788274
102.32,99.33989,0.029125395559351112
124.64,91.09576,0.2691290393873418
100.21,106.65611,0.06432604202074088
116.87,109.31657,0.06463107326700478
114.16,91.09576,0.20203436816081183
106.66,106.32784,0.0031141692068034207
116.41,108.85433,0.06490566128154929
112.75,108.86537,0.03445346603901053
119.5,91.09576,0.23769241396852117
100.68,92.04207,0.08579590304484201
94.61,91.09576,0.037144524566518136
105.61,108.86537,0.030824464578179746
90.82,91.80941,0.010894187350967305
91.76,108.86537,0.18641425135245812
75.79,76.406136,0.00812950994962429
102.04,100.75824,0.012561350979089144
111.5,109.372696,0.01907896033316984
87.65,91.328415,0.04196708405011046
87.06,91.09576,0.04635603642041944
95.87,91.09576,0.04979913913881596
105.96,109.86917,0.03689289489031834
89.52,91.89745,0.02655778941136587
99.6,91.09576,0.08538397057468149
102.46,101.70199,0.007398123948713157
99.48,91.09576,0.08428069430275718
100.89,100.58371,0.0030358834691557694
74.5,75.545685,0.014036037777894295
90.58,97.413666,0.07544342869821569
103.36,90.91019,0.12045097941584632
97.89,106.095184,0.0838204548592489
98.83,100.58371,0.01774471027822399
149.52,109.09803,0.27034490308766707
101.46,101.034904,0.004189784348704169
100.22,103.00508,0.027789674483713965
91.62,92.27371,0.007135037745067894
92.36,90.63638,0.018661941786047798
93.95,91.02916,0.031089307654087975
92.93,91.31844,0.017341619516411954
90.44,92.04105,0.01770293865515987
112.57,106.88877,0.050468410259137314
110.47,109.31657,0.010441147213857542
92.81,91.09576,0.01847046082575459
94.8,91.09576,0.039074298198716016
110.55,109.27256,0.011555313255278978
107.44,109.08391,0.015300708125974402
85.72,91.563034,0.06816418639310766
108.71,101.034904,0.0706015593783417
95.38,91.09576,0.04491762915955417
94.77,90.68429,0.04311187058243803
97.36,91.8669,0.056420526057849085
111.74,109.08391,0.02377028744357712
94.11,91.88455,0.023647306322886776
116.39,109.0399,0.06315059942092588
87.07,91.09576,0.04623586230345384
102.91,100.802246,0.020481526637352993
76.16,76.220566,0.0007952441688345709
97.93,100.23584,0.02354579642346567
106.59,99.67245,0.06489870340003902
93.74,90.088715,0.038951199065400254
119.51,100.58371,0.1583657458221331
109.5,108.368774,0.010330827268835616
102.78,100.58371,0.021368848834433997
101.48,100.58371,0.008832186472242107
93.55,91.09576,0.026234564075235473
104.55,107.60422,0.029212984498296297
89.38,90.16823,0.008818842575677636
104.73,109.59691,0.04647100705944747
108.07,109.08391,0.009381956889559492
109.99,109.98365,5.773063442552627e-05
100.62,91.20944,0.09352571915452325
98.39,100.81637,0.02466071859972907
99.78,100.80937,0.01031641559673468
88.61,91.328415,0.030678421363189122
89.6,91.65189,0.022900598389761852
87.47,89.65057,0.024929389853306862
83.96,91.09576,0.08498995391569468
90.8,91.240425,0.004850496804661719
91.56,92.731705,0.012797124420205988
109.61,109.0399,0.005201151962426438
106.32,91.88455,0.13577358914641524
102.17,100.802246,0.013387040288245099
111.58,112.42995,0.00761737676477921
100.05,103.00508,0.0295360437457053
122.2,100.58371,0.17689271917514834
107.5,101.70199,0.053934993300327035
114.43,108.86537,0.04862910334613689
93.81,91.0332,0.02960022252425117
104.49,99.57255,0.047061461263301164
125.38,109.08391,0.12997361556025927
158.53,100.590836,0.36547760315846173
110.02,109.98365,0.0003303925875337645
113.68,101.70199,0.10536604310155843
90.1,91.09576,0.011051681806456432
100.56,99.45391,0.010999295667892636
89.9,91.09576,0.01330096252237723
90.0,90.36611,0.004067908393012153
100.92,91.65189,0.09183617106893921
87.67,91.071045,0.03879371417674231
105.53,90.1172,0.1460513336606741
85.17,91.09576,0.06957563145193985
86.04,91.09576,0.058760536154831615
102.49,99.8611,0.02565031473154388
110.63,109.08391,0.013975340494850474
104.61,100.81637,0.0362645243951119
113.52,110.21631,0.029102285114957684
109.65,109.09803,0.005033925304769488
84.53,92.423035,0.09337554321505677
107.65,107.91758,0.002485644690003721
114.56,109.08391,0.04780108169470421
109.97,104.18899,0.05256899398078026
101.26,111.24859,0.0986429840214469
109.29,109.09803,0.0017565185256471314
99.82,101.753494,0.019369808281860544
103.82,90.16823,0.1314946238738772
107.44,109.26852,0.017018955142659588
109.18,112.564125,0.030995833129100103
108.61,109.09803,0.00449341764415829
112.51,91.328415,0.18826402171369494
107.9,109.0399,0.010564427556982685
108.49,109.09803,0.0056044805081762045
128.02,109.09803,0.1478047954199967
75.59,76.406136,0.010796872060881436
93.64,91.09576,0.027170477031592075
92.83,92.047005,0.008434722614380772
95.87,101.35485,0.057211335861510004
99.54,91.09576,0.0848326649511582
94.21,91.8669,0.024871058454433513
90.78,91.09576,0.0034782609689548096
97.79,101.70199,0.04000396993777316
90.49,91.09576,0.006694182017479544
88.77,92.13011,0.03785188345540094
111.31,109.0399,0.02039437846196716
94.7,91.8669,0.02991660419210338
122.36,90.91019,0.2570269142891621
89.62,89.58329,0.00040961727184053
108.14,109.09803,0.008859164881931114
108.69,108.38848,0.0027741177648659397
104.69,108.86537,0.03988319518675676
85.18,92.04105,0.0805477080532126
100.52,91.240425,0.09231570722380338
90.85,91.09576,0.0027050801404702746
89.08,91.240425,0.024252639311442333
114.26,101.034904,0.11574562856659842
106.18,109.0399,0.026934467257472505
90.58,92.60314,0.02233541382941014
98.51,91.65189,0.06961837767005734
105.89,91.09576,0.1397133201363517
128.78,108.8725,0.15458535829636785
99.08,92.04105,0.07104305841771641
93.78,91.80941,0.021012901522554462
101.6,100.802246,0.007851908526082621
102.25,100.39814,0.01811110069815862
88.59,91.09576,0.02828486884255238
104.91,109.08391,0.03978560748312545
93.77,90.16823,0.03841070545575273
94.88,89.798836,0.053553586062452196
110.71,109.03586,0.015121866549572024
111.64,100.58371,0.0990352049731559
74.53,77.13767,0.03498822520215222
89.26,91.09576,0.02056639626665599
93.33,92.047005,0.013746869177038113
99.2,103.22362,0.040560660823698934
106.6,91.65189,0.14022613868928085
88.53,91.58763,0.03453779764583685
97.36,100.58371,0.033111233738669636
101.97,98.60711,0.03297921869349593
87.86,92.249,0.049954479277446014
88.57,91.09576,0.02851706594514763
108.53,109.31657,0.007247456622916752
107.7,110.21631,0.023364053795264596
88.15,91.09576,0.033417544308130605
94.21,91.09576,0.033056400267893804
94.38,91.328415,0.03233296337155974
92.84,91.09576,0.01878762892329044
105.56,101.70199,0.036548046417062885
92.6,91.09576,0.016244529905380948
106.23,109.091034,0.02693244785415486
88.22,89.94151,0.01951386376698525
75.26,76.406136,0.015229013540818842
92.23,91.65189,0.0062680948094692365
89.15,90.91695,0.019819926092347805
102.33,91.328415,0.10751084807004603
91.48,91.8669,0.004229313325402367
98.56,91.026306,0.07643764049975905
93.11,91.65189,0.015660040643081765
93.76,89.29067,0.047667744216658606
87.24,90.088715,0.03265376661633861
113.03,109.08391,0.034911898778601375
88.69,92.04207,0.037795337483879976
92.97,100.23584,0.07815252063837798
105.89,107.09898,0.011417355412677655
86.66,91.80941,0.05942084116333773
111.47,109.09803,0.02127899802339614
106.93,102.39049,0.04245312194053651
130.0,110.0437,0.1535099909855769
76.32,78.87548,0.03348376116162835
99.05,92.04207,0.07075145399853291
92.4,90.86904,0.016568815553343202
113.09,109.31657,0.03336664190215622
108.98,110.267815,0.011816981429899658
118.31,112.78233,0.046721888479220396
131.98,108.86537,0.17513735638656183
86.67,90.63638,0.045764198184384715
115.07,92.04105,0.20012988813789293
120.76,108.05541,0.10520526422258641
89.89,91.09576,0.01341368929538011
155.62,107.9101,0.3065794702208053
88.7,90.825485,0.023962629419303095
114.8,109.08391,0.049791741454227434
94.05,89.58972,0.04742454354399253
92.12,91.65189,0.005081484848863963
90.57,89.85999,0.00783931786510944
106.13,106.65611,0.00495724744085972
80.82,76.406136,0.0546135169626078
112.07,108.86537,0.028594880841424385
92.66,92.84275,0.0019722701199698864
101.06,101.034904,0.0002483229766429203
90.54,91.09576,0.006138243105386707
95.57,92.75471,0.029457912143708402
109.73,108.86537,0.007879598067059523
88.81,91.65189,0.031999702913215335
94.92,91.09576,0.040289122094798596
98.14,100.802246,0.02712702357601385
93.38,92.47114,0.009732940667291863
103.93,108.136116,0.04047066321400966
113.71,109.98365,0.03277064279729543
118.53,90.088715,0.23995010039981968
88.26,90.1172,0.02104240605924606
95.47,90.16823,0.05553338064927136
107.97,110.21631,0.02080493279383163
110.65,109.09803,0.014025936824834833
95.01,91.09576,0.04119822617869999
118.27,109.08391,0.07767051592919007
107.05,108.86537,0.016958166315754933
113.86,94.65222,0.16869645459610486
88.83,91.09576,0.0255066591327448
89.77,90.825485,0.011757661016956572
110.59,108.05541,0.022918778438552622
114.12,107.836876,0.05505716863365458
105.96,109.09803,0.029615233015591144
139.07,90.68429,0.34792343406268533
119.71,100.75824,0.15831392744053333
103.63,91.80941,0.11406532765401092
117.03,109.08391,0.0678979058270983
92.66,90.86904,0.019328281428112486
106.81,109.09803,0.021421496960322337
92.83,91.09576,0.018681929001812772
90.28,96.42808,0.06810010741862987
100.11,99.92248,0.0018731622997905373
91.24,90.63638,0.00661570520998871
106.1,91.0332,0.14200562558906688
89.43,90.1172,0.00768425314535453
91.93,91.09576,0.009074768511239943
95.97,91.80941,0.043353025995468954
108.77,109.09803,0.0030158140142689644
103.7,90.36611,0.12858137169362496
116.18,90.86904,0.2178598601921924
88.38,90.86904,0.028162949115988895
98.97,101.034904,0.0208639434169998
137.32,113.37774,0.17435377983806638
90.41,91.65189,0.013736241740102418
107.22,108.86537,0.015345753629001714
92.16,91.09576,0.011547780699200063
120.81,114.14888,0.05513715747965557
90.79,92.04207,0.013790819269140943
88.23,91.328415,0.03511747610781121
100.01,99.68982,0.003201486491975853
107.97,98.60711,0.08671752273942558
120.17,111.34257,0.07345787264835105
91.74,91.09576,0.007022492579444911
81.07,75.18619,0.07257693667027715
100.35,100.58371,0.00232894585746767
95.8,89.798836,0.06264263304389839
123.31,108.8725,0.11708298144032318
91.62,91.09576,0.005721932648311349
75.41,78.558266,0.04174864986122742
95.42,91.05814,0.045712181767735754
96.45,91.89745,0.047201106188642136
99.16,100.802246,0.016561578194332426
104.41,91.8669,0.12013315215967996
98.17,91.20944,0.07090310544288608
99.06,101.70199,0.02667058570780175
102.91,108.136116,0.05078336437500763
93.71,91.09576,0.027897166462899105
97.96,90.91019,0.07196624369560911
88.6,89.2427,0.007253935320920987
110.12,118.19358,0.0733162062063331
76.99,76.406136,0.007583639965163835
89.03,91.328415,0.025816184623072967
107.48,108.8725,0.012955876056882639
97.86,91.09576,0.06912163774001921
89.99,90.68429,0.0077151686287626284
115.92,109.31657,0.05696543765281958
101.29,91.09576,0.10064412547377122
106.06,110.21631,0.039188276388365056
109.62,110.03516,0.0037872308885239505
106.88,107.60422,0.006775987362433379
106.79,100.802246,0.0560703615155914
88.65,91.01626,0.02669214032426495
100.16,100.75824,0.0059728409154727775
97.91,91.58168,0.06463404863801894
97.14,91.71864,0.05580972628704384
90.52,91.80941,0.01424447741068104
100.11,91.80941,0.08291469288567731
125.72,91.09576,0.27540759997803277
92.41,91.09576,0.01422187500528382
81.08,76.406136,0.05764509670594434
100.81,90.63638,0.10091872773890861
90.51,91.09576,0.00647173274512997
73.34,76.406136,0.04180713879304646
90.03,91.09576,0.011837793299585888
88.1,91.80941,0.04210454137587798
93.45,91.09576,0.02519254648730106
84.9,94.890564,0.11767448721841865
92.59,91.09576,0.016138281339650985
97.69,92.047005,0.05776430852997202
134.21,100.58371,0.25054981210940414
118.44,113.37774,0.042741143594759196
99.66,109.09803,0.09470228868484884
93.02,90.09265,0.0314700992562083
112.97,109.09803,0.03427431981648196
101.9,99.68982,0.021689702296982392
109.0,108.35601,0.005908161128332855
109.13,108.86537,0.0024248904599874733
90.7,91.09576,0.0043633575607686425
116.65,113.37774,0.0280519592572935
99.0,100.802246,0.018204505997474748
90.76,98.19651,0.08193598848547158
90.79,90.24192,0.006036783002628042
88.6,91.65189,0.03444575187045894
89.38,91.09576,0.01919620195526654
106.9,108.86537,0.01838514222732981
91.65,93.56844,0.02093227821429174
117.89,112.24231,0.04790644184992366
92.47,91.09576,0.014861506101852278
110.54,109.09803,0.013044779352885606
106.02,107.96823,0.0183760724502158
95.01,91.09576,0.04119822617869999
94.12,91.0332,0.03279639688695287
104.55,108.86537,0.04127567387949847
88.17,91.65189,0.03949068408441255
88.85,91.09576,0.025275819141944003
92.48,91.09576,0.014968030592974536
105.35,91.89745,0.12769384614992432
116.37,108.86537,0.06448937265531014
125.75,109.08391,0.1325335341466824
87.2,91.88748,0.053755523961618375
91.06,91.09576,0.0003926700061686413
89.35,91.09576,0.01953840549257666
89.2,91.240425,0.022874720962592805
111.64,108.86537,0.024853352704213884
91.16,91.09576,0.0007047330982698315
98.16,91.65189,0.06630100228481399
117.71,91.09576,0.2261001059318518
119.2,111.55306,0.06415216074693925
119.01,109.09803,0.08328686589083248
109.93,108.86537,0.00968460198215632
110.02,109.31657,0.006393687808715141
94.79,90.21925,0.0482197115725387
87.73,91.80941,0.04649960213398883
109.87,109.27256,0.005437698010112845
87.75,91.80941,0.04626108370615207
93.77,90.54809,0.034359730471041135
111.33,109.09803,0.020048234165705264
98.57,107.21346,0.08768857491721468
89.48,91.09576,0.01805718071928604
84.8,91.09576,0.07424241191935993
108.01,90.16823,0.16518629618170486
88.06,90.63638,0.029257132144454037
109.59,108.86537,0.006612175343539017
90.43,90.990974,0.00620341066315962
106.41,110.21631,0.03577021514660279
111.16,108.86537,0.020642571931436076
91.71,91.09576,0.006697671674171574
108.8,108.86537,0.0006008428685805638
100.63,100.81637,0.0018520133461924705
92.41,90.45757,0.021127876452638004
93.71,94.56418,0.009115126099635912
111.91,108.86537,0.02720604321238883
102.3,91.89745,0.10168667343005404
92.44,90.91695,0.016476131424352933
87.3,92.423035,0.05868310043492272
100.02,100.81637,0.007962088612550967
109.91,109.31657,0.005399267880218728
103.2,109.63651,0.062369309654531524
100.49,104.175354,0.03667383823172709
93.19,92.27371,0.009832469597562751
103.23,101.76204,0.014220292700084194
105.28,99.68982,0.053098220593298835
128.36,106.88877,0.16727351934302825
88.79,91.65189,0.032232161456500166
106.16,109.08391,0.027542464968488046
98.59,91.09576,0.07601423541168764
90.69,91.09576,0.004474104430055365
96.59,100.9909,0.045562668312705404
107.16,109.31657,0.02012473373726353
90.85,90.224915,0.00688041220934226
90.44,91.80941,0.015141641919668797
110.29,109.09803,0.010807597331290008
87.33,90.825485,0.0400261677486796
111.38,108.86537,0.02257701827885108
97.29,91.88455,0.055560160325284005
108.06,108.86537,0.007453004850097726
119.59,109.08391,0.08785092331252876
111.9,109.25777,0.02361245108460405
90.03,91.80941,0.019764635068475426
92.4,92.47114,0.0007698917801761424
101.76,106.65611,0.04811431476904906
86.8,92.60314,0.06685647217359414
91.77,91.09576,0.0073471011140708
87.86,91.65189,0.04315836120786088
88.66,94.56418,0.06659348597785787
110.01,109.31657,0.0063033681730283505
81.18,81.48599,0.0037693081010177158
99.68,91.09576,0.08611801233184478
91.32,90.54809,0.008452824422574732
114.65,109.0399,0.048932387846502994
88.78,93.74802,0.055958733469496216
96.14,101.034904,0.050914338256505806
107.61,110.21631,0.024219947902146648
108.37,109.09803,0.006718003970951616
118.27,110.21631,0.06809580964107548
118.06,108.86537,0.07788097828136913
94.31,91.09576,0.034081682422206376
108.26,99.33989,0.08239525654565691
105.73,100.802246,0.0466069602407075
109.97,110.0437,0.0006701934334364021
116.13,113.37774,0.02369982818705999
140.25,101.98615,0.27282600606826535
109.1,109.98365,0.008099451947933429
112.89,109.09803,0.033589954023101866
99.98,91.328415,0.08653315746157048
109.77,99.714645,0.09160384999779365
99.56,101.98615,0.02436874898479087
118.93,91.09576,0.23403887555064565
111.07,109.98365,0.009780767016120122
90.02,91.09576,0.01195019474296515
110.58,109.27256,0.011823475134482656
116.59,109.31657,0.06238471166236253
72.11,76.638794,0.06280396540441688
94.6,108.86537,0.15079674105815613
109.98,101.034904,0.08133383815256896
99.06,91.09576,0.08039817756146056
90.82,92.047005,0.01351029178272449
103.77,90.761246,0.12536141729267547
85.89,91.240425,0.06229392373807522
110.64,113.41348,0.02506763074851432
120.91,108.86537,0.09961647751135914
112.94,109.98365,0.02617628645723806
86.81,90.63638,0.04407767603548696
111.02,109.09803,0.01731192496548338
88.21,91.65189,0.039019313181302154
100.03,100.00318,0.00026810499330670687
101.03,101.034904,4.854478848329816e-05
97.22,100.80937,0.036920098212735945
101.28,100.802246,0.004717159421899695
96.16,91.328415,0.05024526916605459
92.9,91.09576,0.019421350583835165
97.58,100.802246,0.03302158325220334
110.39,91.09576,0.17478252984181794
112.31,108.86537,0.03067071761996652
100.25,90.825485,0.09401012239908042
119.88,110.21631,0.08061137309184181
96.48,100.802246,0.044799399810841585
116.68,113.37774,0.02830186019337751
86.56,96.40988,0.11379253225273651
103.63,91.65189,0.1155853168414295
109.13,91.39794,0.16248564474154245
113.01,109.08391,0.03474110184006121
92.19,91.39794,0.008591587055478132
107.94,107.60422,0.0031108251871699347
91.51,90.26499,0.01360516052612937
108.9,107.91758,0.009021307154463722
126.41,100.58371,0.204305753367638
108.36,109.990776,0.015049612975375779
125.1,108.136116,0.13560258970557926
92.62,91.09576,0.016456958208143874
85.55,91.65189,0.07132546599325143
110.35,109.0399,0.011872209031278268
113.93,108.86537,0.04445386022907438
89.1,90.825485,0.019365715258049306
86.4,91.88748,0.06351251955385555
114.51,91.09576,0.20447335140370523
114.89,109.09803,0.05041317703601679
107.71,109.08391,0.012755622328982396
119.35,109.31657,0.0840673107056124
125.25,109.09803,0.12895784359016343
104.09,107.91758,0.03677182871437124
110.76,110.21631,0.004908734256500588
85.71,91.09576,0.06283696804062217
108.03,107.98887,0.00038073948552341835
114.8,109.26852,0.048183653828159
99.85,101.806046,0.019589840082389266
91.35,91.88455,0.00585169131858928
105.03,96.946106,0.07696747636835904
90.49,91.80941,0.014580728204385556
107.62,100.58371,0.06538087979188932
108.03,110.21631,0.02023797643015828
97.47,91.09576,0.06539697824190295
97.16,89.578415,0.0780319584500598
132.59,108.86537,0.17893225956632053
88.93,91.09576,0.024353497478485458
92.64,92.13011,0.005503975665631078
74.28,76.638794,0.03175543814367931
88.26,91.3037,0.034485648177039016
90.54,91.88455,0.014850364501359826
88.31,90.63638,0.026343370588162413
87.71,91.65189,0.044942351108455854
72.94,78.558266,0.07702585256423305
101.74,107.21346,0.05379853380764546
106.4,100.58371,0.05466438236093168
119.03,103.22362,0.13279326595218904
113.28,103.00508,0.09070373254980746
77.64,76.406136,0.015892123144229383
105.87,108.86537,0.028292922490805308
110.75,109.08391,0.015043719358422686
88.78,91.09576,0.026084214133382716
94.29,91.20944,0.03267109832779861
109.11,112.564125,0.03165727303670751
109.02,109.31657,0.0027202941413058176
111.34,111.31167,0.00025446024792446256
117.08,109.09803,0.06817534941636459
104.1,91.80941,0.11806522482982854
88.08,90.68429,0.029567302735040255
117.27,110.0437,0.061621035457704414
103.32,108.09211,0.04618766628122133
115.07,109.09803,0.051898582685912596
103.03,100.58371,0.023743475523664234
92.43,91.09576,0.014435177639708838
91.39,91.09576,0.0032196462330482747
86.03,91.09576,0.058883604914119696
110.44,109.815445,0.005655152605133423
106.58,109.31657,0.025676172520971645
89.48,89.12083,0.004014006245067029
111.09,108.86537,0.020025459500391043
87.53,91.19252,0.04184302686623514
106.79,100.58371,0.058116773885224564
93.62,91.466324,0.023004445070080558
106.61,109.09803,0.023337680239490028
87.71,91.65189,0.044942351108455854
75.73,76.406136,0.008928239258973026
93.2,92.047005,0.012371194209152055
86.83,91.09576,0.04912768087943937
96.79,90.91695,0.060678309627721805
96.27,92.04105,0.04392797577674603
103.32,91.88455,0.11067990706588142
95.37,90.91019,0.046763271808974306
89.6,90.1172,0.005772352218627994
90.22,90.86904,0.007193986287642373
147.22,100.802246,0.3152951630637821
111.34,109.08391,0.020263085314759437
108.35,109.09803,0.0069038310136782365
109.99,108.368774,0.01473975439528589
90.0,91.09576,0.012175072564019097
107.67,100.81637,0.06365405309717338
90.76,90.180214,0.00638812331178216
90.38,91.72377,0.014868003337038804
107.05,109.09803,0.019131528167510826
110.07,109.31657,0.00684503981752373
100.12,101.034904,0.009138079104878787
125.91,108.86537,0.13537152168928945
137.09,110.03516,0.1973509646947261
113.75,113.37774,0.0032726245922046703
87.33,91.09576,0.04312099542839483
118.81,109.08391,0.08186256980847836
100.93,102.05729,0.011169019355346768
92.98,91.09576,0.020265040538161812
105.65,109.08391,0.03250267942313944
87.48,94.890564,0.08471152223186723
75.05,76.406136,0.018069760947129036
98.16,100.58371,0.024691419282771784
117.35,108.86537,0.07230190281975656
112.72,88.349686,0.21620222082198975
100.09,91.09576,0.08986155928902273
98.93,101.53378,0.026319447680019894
87.14,91.328415,0.048065353649210316
111.59,108.86537,0.02441641989334565
104.92,108.86537,0.037603618986862
105.53,109.990776,0.042270217587526936
89.09,91.09576,0.0225138234455238
108.42,108.86537,0.004107837152753742
90.64,91.09576,0.005028205326144287
107.98,107.836876,0.0013254684614989833
110.58,109.98365,0.005392926320134446
103.62,107.00632,0.03268014995823075
117.36,109.08391,0.07051884729844335
109.72,109.31657,0.003676937046252667
73.71,77.17728,0.047039433066451385
100.0,91.328415,0.08671585083007813
111.21,93.74802,0.15701810666826832
92.04,91.09576,0.010259055511063531
93.12,96.42808,0.03552488936591389
89.91,92.047005,0.023768264928339836
94.12,91.65189,0.02622297475857786
118.14,113.37774,0.04031031866737161
94.57,91.328415,0.034277097208499585
113.75,109.09803,0.04089643876631181
90.44,91.09576,0.00725073563425167
93.87,91.65189,0.023629555601122277
94.39,91.65189,0.029008437167892195
87.84,90.724365,0.03283658053705597
88.63,108.86537,0.22831289297192336
106.79,109.09803,0.021612792305759198
94.11,91.09576,0.03202893921196771
121.23,108.86537,0.10199313945309281
106.65,108.86537,0.020772355406484356
109.58,91.80941,0.1621700119071469
94.9,90.86904,0.042475854132022255
96.53,100.81637,0.04440451779785914
119.56,108.86537,0.08944988537887621
108.21,110.71519,0.023151160454245565
111.24,108.86537,0.02134689226805495
99.95,101.98615,0.0203717123454305
97.41,91.65189,0.05911206636153722
94.27,91.09576,0.033671830584897394
112.54,109.09803,0.030584413627758794
87.31,75.19331,0.13877776201313927
98.01,108.8725,0.11083050258742724
104.29,92.731705,0.11082841392353958
91.41,91.65189,0.002646248941282788
96.6,90.68429,0.0612392544005968
111.08,108.86537,0.019937237089470976
105.17,93.01231,0.11560039732453262
106.87,101.034904,0.05459993936576715
91.33,92.27966,0.010398150508458357
82.2,76.406136,0.07048496886761522
91.88,91.80941,0.000768283682903262
97.17,92.04207,0.052772785001077384
96.87,91.09576,0.05960817042673981
134.81,91.58763,0.32061693327211677
105.98,90.658875,0.1445661963415857
92.29,90.20858,0.022553039147363337
103.85,102.05729,0.017262502421423576
91.43,90.63638,0.008680049692216796
108.85,109.08391,0.002148902903580094
107.38,108.955154,0.014668973914558736
98.42,104.22742,0.05900647218235621
88.53,90.16823,0.018504779729064287
115.13,112.24231,0.025081997999543956
96.06,91.09576,0.05167857036475415
94.74,92.00344,0.02888493923439309
100.25,99.33989,0.00907840871454177
87.95,76.638794,0.1286095060225981
91.46,91.09576,0.0039825439453124315
106.91,101.35485,0.05196098803626441
90.57,90.63638,0.0007329475172864285
100.85,100.81637,0.000333484352728315
104.42,109.09803,0.044800134939015794
108.92,101.31525,0.06981962374190921
85.44,89.909904,0.05231629775258042
111.15,101.034904,0.09100400827727878
92.73,91.09576,0.01762367593268937
128.87,94.56418,0.2662048695057277
107.5,108.89834,0.013007798305777616
110.1,108.15024,0.017709009653865754
108.83,108.955154,0.0011499992552174419
87.99,90.63638,0.030075952456422663
99.99,100.802246,0.008123273264826534
97.21,107.21346,0.10290569724914979
113.69,109.08391,0.04051448604930346
115.41,108.136116,0.06302646193716285
99.35,91.09576,0.08308247075227253
88.69,92.04105,0.03778389640289388
90.25,91.65189,0.015533447265625
113.08,109.77144,0.029258590390583532
100.87,100.23584,0.006286905484782438
121.64,108.86537,0.10501996297187141
92.58,91.09576,0.01603200982110909
96.08,91.89745,0.04353191810881067
107.9,91.80941,0.14912502228716554
90.2,90.68429,0.005369046839272072
92.04,90.68429,0.014729595557340965
112.08,109.86917,0.019725453760009577
75.89,76.638794,0.009866832854295684
113.39,109.04703,0.038301194215621975
129.65,106.73515,0.17674390128621534
89.98,90.68429,0.007827161868218935
109.66,107.836876,0.0166252424263419
73.4,81.767914,0.11400427545448731
98.64,100.81637,0.022063748003115807
93.76,91.80941,0.020804073216565286
98.1,99.68982,0.016206109438710557
100.86,101.71779,0.008504746146034732
99.55,90.68429,0.08905788021193023
99.67,101.034904,0.013694235777871646
101.89,100.81637,0.010537166522452221
121.79,108.86537,0.10612224563509683
89.0,91.19252,0.024635057770804072
89.02,91.09576,0.023317867117071702
91.17,91.88748,0.007869712509083287
98.08,91.80941,0.06393342072578664
90.27,91.09576,0.009147629674994159
137.49,110.03516,0.1996861135355299
89.67,91.19252,0.01697914733580418
99.08,100.58371,0.015176723019750472
101.32,100.802246,0.005110085928247071
89.29,89.898735,0.006817505279277774
107.63,100.58371,0.06546771609405483
106.45,108.955154,0.023533625354112818
74.08,76.406136,0.031400318022165676
117.71,108.86537,0.07513914107466173
101.52,100.802246,0.007070073938632743
116.5,100.802246,0.13474466872317598
106.05,109.08391,0.028608279877932016
89.03,91.328415,0.025816184623072967
105.52,108.86537,0.03170367422385867
89.25,91.80941,0.028676863811931023
88.83,92.423035,0.04044843710423001
106.33,109.31657,0.028087712473292184
96.0,93.74802,0.023458162943522137
107.01,109.08391,0.019380507252169724
89.66,91.09576,0.016013345201446823
94.29,90.91019,0.035844874667747176
91.3,91.09576,0.0022370588087434655
78.47,76.41326,0.026210508301590163
108.05,109.09803,0.009699491812420491
74.62,76.406136,0.02393641864221424
90.85,92.59719,0.019231599966247657
74.2,76.406136,0.02973228516283057
110.16,112.116585,0.017761299726144104
110.85,91.80941,0.1717689662136685
107.94,109.09803,0.010728461092570257
89.65,91.09576,0.016126676305205943
118.18,100.58371,0.14889397768829862
89.79,91.88455,0.02332723022556096
97.34,91.65189,0.058435446725676465
100.05,100.09701,0.00046984259335179006
108.19,108.86537,0.006242459599792631
109.25,108.86537,0.0035206251340818076
106.72,109.31657,0.02433064530814428
100.77,103.23074,0.024419404666102304
97.37,91.8669,0.05651743264857956
87.8,91.09576,0.037537090327582255
96.98,90.825485,0.06346169076621794
96.41,91.65189,0.04935283045614916
117.26,114.14888,0.02653180961212001
87.43,91.65189,0.04828884382617693
91.15,91.3037,0.0016862677795443013
84.22,91.09576,0.08164042425506673
100.68,91.328415,0.09288423801159931
108.57,108.8725,0.0027861983843949236
90.41,91.09576,0.007584963286823606
112.99,91.09576,0.19377151490608263
92.02,91.09576,0.010043941200155155
98.13,99.68982,0.01589543805092739
93.9,91.72377,0.023176036830654344
88.03,91.05814,0.03439899597549307
109.26,91.09576,0.16624788091925943
89.89,91.09576,0.01341368929538011
108.96,110.21631,0.011529998107103583
106.82,108.86537,0.019147834713551484
91.7,90.68429,0.011076466467804353
106.03,106.88877,0.008099321485701265
112.8,101.58751,0.09940151458090922
111.32,112.564125,0.011176114454142681
90.23,91.72377,0.01655513844177722
128.8,112.564125,0.12605492965034823
100.71,107.34687,0.06590080848340073
103.98,100.81637,0.030425388507142336
90.17,90.22746,0.0006372714711620916
80.2,76.406136,0.047305042904214105
87.66,91.09576,0.03919411967558433
89.39,92.47114,0.03446848641333797
93.48,91.09576,0.025505385849789102
89.37,92.423035,0.03416173959906842
86.27,91.65189,0.06238430063431854
98.45,103.00508,0.046267965228621734
97.87,100.58371,0.027727697116551243
84.84,91.09576,0.07373593270581937
100.74,91.8669,0.08807923781012689
89.11,90.825485,0.019251321170375806
100.29,90.91695,0.09345950332901778
112.49,111.31167,0.010474989812462452
94.69,91.328415,0.035500951346581586
108.37,110.267815,0.017512361688940336
89.64,91.09576,0.016240032694798283
167.45,91.09576,0.45598234379957164
94.24,90.59877,0.03863783805601053
104.73,100.58371,0.03959028247114608
104.95,109.08391,0.03938930996717184
88.83,91.89745,0.034531726985314315
109.37,101.034904,0.07621007150059006
89.06,91.09576,0.02285825882283535
91.38,91.09576,0.0031105654326797627
107.54,108.86537,0.012324453264846161
86.61,91.33252,0.054526261762498564
96.62,90.16823,0.06677470348360527
92.53,91.89745,0.006836125493294417
91.49,91.376175,0.0012441258415365876
134.43,136.19855,0.013155897963856602
120.8,106.65611,0.11708516000911888
75.85,73.76212,0.027526392776398657
110.88,110.35145,0.004766882584036474
86.93,92.47114,0.06374252847680058
111.55,109.08391,0.022107502635099145
115.62,91.09576,0.21211073749557416
105.43,109.09803,0.03479114189824551
116.02,91.80941,0.20867600331654157
102.18,100.34369,0.01797133524325951
91.56,91.09576,0.00507037428176369
91.03,91.09576,0.0007223610981183963
119.75,109.09803,0.08895173202227949
105.77,100.9909,0.04518390722960932
74.43,76.220566,0.024057044147500074
97.72,91.19252,0.06679778815389313
77.42,76.406136,0.0130956398981913
108.13,109.09803,0.008952465461315414
111.85,109.31657,0.022650277449395066
90.4,91.3789,0.010828524564219724
93.02,91.80941,0.013014296976834577
106.77,91.09576,0.14680381632704204
115.25,92.27966,0.1993087801654013
110.63,100.802246,0.08883443827397627
116.34,109.09803,0.0622483231018392
99.64,100.802246,0.011664452968185461
101.86,109.08391,0.07091996938007744
107.61,110.22381,0.02428964119109952
95.92,91.09576,0.05029444817804715
91.99,91.09576,0.009721094349801894
108.76,108.86537,0.0009688461208307961
114.3,101.034904,0.11605507891530646
133.86,109.09803,0.18498408717815612
109.85,107.822754,0.01845467540964947
91.07,90.63638,0.00476135877192674
113.36,109.09803,0.03759677055105829
97.95,100.58371,0.026888307471126822
101.25,100.802246,0.004422260802469136
95.77,88.12812,0.07979408559712556
88.3,91.72377,0.0387742937893722
74.22,76.406136,0.029454804083562817
121.06,90.54809,0.25203958306847457
106.14,108.86537,0.025677140607702674
94.1,91.09576,0.03192607299934406
93.39,91.80941,0.016924616177161976
95.67,91.65189,0.04199964862838241
87.0,90.68429,0.04234813821726832
102.39,90.21925,0.11886655395996619
90.4,91.65189,0.013848380704896576
99.11,99.70721,0.006025695954739374
91.81,91.09576,0.0077795824990554785
109.63,109.31657,0.0028590124301271476
88.64,91.20944,0.02898738874855454
103.31,108.368774,0.048966938477035114
84.85,91.65189,0.08016374326131599
88.86,91.328415,0.02777869589232712
90.97,90.63638,0.0036673292663446616
89.07,90.63638,0.01758597795711948
88.44,91.65189,0.036317205062445256
89.68,91.09576,0.015786758817592682
110.03,108.86537,0.010584643241828944
116.42,113.51537,0.0249495513659125
98.04,91.39794,0.06774845380094387
90.14,90.68429,0.00603825188487179
98.92,100.802246,0.01902796293722198
98.16,100.81637,0.027061614741517394
103.96,100.34369,0.03478560056902889
126.52,100.802246,0.20327026482967117
105.82,90.825485,0.14169830627960506
87.53,91.09576,0.040737536053487004
110.87,109.091034,0.01604551334403472
118.17,109.63651,0.072213651888401
108.61,110.08771,0.013605630416455673
93.59,91.09576,0.026650747614470397
101.97,100.58371,0.013595079760744571
92.91,91.09576,0.019526891284450305
89.14,91.65189,0.028179196945508814
89.61,91.09576,0.016580253663226418
88.98,88.241684,0.00829755046121675
88.71,91.19252,0.027984670742887713
98.16,100.802246,0.026917747491340703
108.02,110.21631,0.020332425418903944
101.27,100.58371,0.006776837002104483
89.79,91.485985,0.018888348393430086
88.04,91.09576,0.03470872933623026
108.15,106.88877,0.011661848755165042
119.47,113.37774,0.05099406585220792
104.97,109.091034,0.039259159145916704
100.37,91.09576,0.09240055264758679
144.36,108.8725,0.24582642311863578
95.59,90.40089,0.05428510790203444
90.88,91.05814,0.0019602070392018135
101.58,100.9321,0.006378239922505644
90.33,90.63638,0.0033918195133469135
108.94,108.86537,0.0006850403515553078
113.14,100.802246,0.10904855847843381
105.64,107.60422,0.018593501791905286
108.82,108.8725,0.000482425644125683
92.46,91.65189,0.008740064722878407
107.73,100.802246,0.06430663609254622
88.2,90.91019,0.03072774112900365
106.88,109.09803,0.02075252704277728
85.14,90.825485,0.06677807410726083
105.24,91.09576,0.13439988093156857
91.11,91.09576,0.000156332666428281
91.94,90.825485,0.012122196764278989
105.36,109.09803,0.035478645504290356
100.78,100.84679,0.0006626959617328474
112.94,113.37774,0.003875854016616974
116.65,108.86537,0.06673491895326569
111.91,113.37774,0.013115351198612476
108.72,109.31657,0.005487182370172529
139.2,109.08391,0.21635123504989442
100.38,100.58371,0.0020293855030571782
92.92,91.65189,0.01364729212524048
85.96,91.09576,0.059745887980010765
110.07,91.09576,0.1723834239051356
93.24,91.80941,0.015343092071912819
91.96,91.31736,0.0069882565863808995
110.59,108.86537,0.015594794248109601
106.52,108.86537,0.022018134661111216
96.96,100.58371,0.037373243778845724
90.38,92.27371,0.02095277891351106
90.14,90.724365,0.006482862595684484
99.51,100.58371,0.010789968011223694
90.13,91.09576,0.01071515067970402
91.76,91.09576,0.007238921853076355
112.42,108.89605,0.03134629514755633
95.65,90.63638,0.05241627750506409
84.72,96.946106,0.14431192111698832
94.29,92.731705,0.016526623057439217
104.18,101.034904,0.030189052793430003
107.61,100.81637,0.06313197562468781
90.78,91.173775,0.004337681419236397
92.33,90.63638,0.01834308397443272
108.42,109.31657,0.008269382653432527
75.82,76.406136,0.007730619349538883
100.25,100.81637,0.005649557137429863
110.57,103.23774,0.06631328965371902
125.44,109.31657,0.12853502497381092
91.82,96.42808,0.05018599104502193
108.38,109.990776,0.014862299889386634
77.41,76.406136,0.012968149346569764
88.34,89.29067,0.010761515760087053
88.1,90.63638,0.028789819031108183
101.74,100.802246,0.009217160470316444
102.04,91.09576,0.10725444403408749
106.78,109.79808,0.028264473162913806
116.93,108.86537,0.06896971090309112
106.4,108.89834,0.023480623288262104
119.57,91.09576,0.23813869255865414
105.04,109.09803,0.038633188217174645
93.36,92.04207,0.014116661509797419
104.6,100.802246,0.03630739872131926
98.75,99.68982,0.00951715783227848
122.4,109.09803,0.10867622475218933
103.91,110.21631,0.0606901029135791
88.73,91.071045,0.02638391662205563
90.48,91.09576,0.00680544353184919
106.98,102.82095,0.038876861383991206
87.72,91.05814,0.03805453278297603
92.63,91.376175,0.013535842310722045
90.41,90.68429,0.0030338239675074346
96.52,91.09576,0.05619812960255157
77.06,76.220566,0.010893254660025496
87.72,91.09576,0.03848331658415093
92.79,92.04207,0.008060475466695697
115.66,109.86917,0.050067688547655816
95.73,100.58371,0.05070207580483517
112.49,109.09803,0.030153523954733433
107.48,109.31657,0.017087518303732344
116.13,109.09803,0.06055256961739399
91.84,91.09576,0.008103696311392471
92.32,91.09576,0.013260869467485642
77.77,76.406136,0.01753715367002655
87.79,91.09576,0.03765527429959804
107.99,105.69562,0.021246248024990692
115.32,90.68429,0.21362913610039586
91.32,90.63638,0.007485949883479722
84.48,91.09576,0.07831151196450893
100.74,91.77078,0.08903332866087821
97.19,100.39814,0.0330089510609454
95.56,93.498276,0.021575180443324245
101.96,100.802246,0.011354981426539758
114.8,100.802246,0.12193165423562716
114.92,109.09803,0.050661067783396886
108.2,108.86537,0.00614946122090166
111.48,109.09803,0.021366791439432837
92.59,91.09576,0.016138281339650985
110.96,106.65611,0.03878773728462109
108.54,100.58371,0.07330284027273937
131.67,109.09803,0.17142834290018955
91.24,91.328415,0.0009690367929876438
100.67,100.75824,0.0008765247451450114
98.54,100.802246,0.022957642518266628
113.58,112.478,0.009702440340096173
98.44,101.034904,0.0263602649327557
90.59,90.1172,0.005219088654497637
108.41,109.59691,0.010948331051895037
91.23,91.09576,0.001471483823723394
76.8,76.406136,0.005128443241119348
113.68,109.815445,0.033995030380990006
112.04,109.86917,0.01937548069816031
112.67,108.86537,0.033767891150247975
95.15,90.63638,0.04743685699799664
91.62,92.13782,0.005651794180446359
100.44,91.65189,0.08749608108599503
108.41,109.31657,0.00836238785430458
112.89,109.31657,0.031654119343740315
142.71,108.86537,0.23715666944081315
95.15,93.09155,0.021633707468470893
133.09,109.63651,0.176222760865973
88.36,91.88455,0.039888546875884175
89.44,93.74802,0.048166551402301847
79.97,77.17728,0.034922138160208505
88.83,91.42518,0.029215113450771508
87.65,91.09576,0.03931268146904407
85.76,90.63638,0.056860809895529614
85.69,90.851524,0.060234850659672615
86.1,91.09576,0.058022723934514804
110.71,101.70199,0.08136583668851188
107.3,110.21631,0.027179017649114658
99.84,91.1059,0.0874809332382985
104.29,109.31657,0.048197971687459484
91.19,91.09576,0.0010334846939168657
97.81,92.04207,0.05897077516158562
108.36,109.63651,0.011780294909077674
89.13,91.328415,0.024665263289489422
87.28,91.09576,0.043718567034391816
121.28,91.09576,0.24888063546535522
78.71,75.664116,0.03869754915815367
99.59,100.802246,0.012172367644843826
97.07,100.81637,0.03859449987665964
90.35,89.898735,0.004994631473306869
109.02,109.09803,0.0007157410597324824
88.44,91.80941,0.03809825978307153
106.44,101.034904,0.05078067944400159
99.47,90.63638,0.08880684571588794
91.16,90.94112,0.002401093319352612
108.74,109.04703,0.002823501819851298
92.58,91.89745,0.007372506933403862
91.35,91.09576,0.0027831797398826007
102.06,91.09576,0.10742938927335179
109.22,109.09803,0.0011167360343157628
108.13,108.86537,0.006800811098692011
100.57,90.40089,0.1011147803953014
111.04,109.09803,0.017488922097153952
90.04,91.09576,0.011725416823208712
93.06,94.56418,0.016163533922167125
88.25,91.328415,0.03488288857781516
91.2,90.20858,0.010870833145944727
115.14,108.15024,0.06070663507808429
89.07,91.80941,0.030755698834791186
89.56,91.09576,0.017147795117928945
92.38,92.047005,0.003604625463227584
89.86,91.65189,0.01994094831652189
108.86,109.31657,0.004194070065085034
86.19,75.499435,0.12403485990480695
94.41,91.65189,0.029214133929428454
98.97,91.09576,0.07956192249407174
96.45,91.80941,0.04811394406205453
86.51,89.81595,0.038214639767981964
89.06,91.09576,0.02285825882283535
80.01,77.13767,0.03589960724513934
91.32,91.09576,0.0024555789447905656
114.28,109.09803,0.045344503934791475
88.14,90.91019,0.03142939377783213
94.54,92.75471,0.01888399263353316
90.6,91.65189,0.011610304809300906
89.6,90.54809,0.010581340108599046
89.83,91.20944,0.015356140918088353
87.41,91.09576,0.042166302834478
88.36,87.72537,0.007182296124342173
91.57,89.815994,0.019154807658672935
106.23,109.09803,0.026998306413744018
88.1,91.3789,0.03721791850857519
89.46,90.825485,0.015263639945139658
105.68,108.15024,0.023374697550240044
97.94,91.20944,0.06872123607645622
102.93,91.09576,0.11497370513201484
109.67,106.65611,0.027481419979042257
128.1,108.86537,0.15015322635361775
94.52,90.40089,0.043579279140451385
86.47,91.09576,0.053495507468043484
98.15,100.58371,0.024795819834914613
98.84,101.034904,0.02220664184520908
86.73,94.56418,0.09032835774007691
116.04,108.86537,0.061828923611672214
95.1,90.36611,0.049778004675382764
90.11,91.29373,0.013136518582323
111.74,109.81662,0.017212995587552533
109.21,109.09803,0.001025271583810663
99.22,91.09576,0.08188110732955332
89.38,91.09576,0.01919620195526654
118.9,108.86537,0.08439552814044106
108.21,109.31657,0.010226101721515226
106.5,107.9523,0.013636629346390846
103.99,107.60422,0.03475543349646005
92.94,91.09576,0.019843377116831065
91.74,76.220566,0.16916758452258077
102.78,91.80941,0.1067385668883553
108.53,109.09803,0.005233853223367089
88.7,91.09576,0.027009656491112918
105.65,109.08391,0.03250267942313944
97.64,100.802246,0.0323867891617165
81.96,76.406136,0.06776310933282044
99.94,101.70199,0.01763046047843552
105.35,108.91246,0.03381547534075409
100.57,91.09576,0.09420546355014692
108.88,108.86537,0.00013435246049258774
90.06,91.09576,0.011500738738193609
110.56,108.86537,0.01532767995566606
98.11,100.590836,0.025286266142993202
113.82,91.09576,0.19965070698680615
92.7,91.3037,0.015062531735647616
111.21,109.08391,0.01911781241745622
97.69,91.09576,0.06750172452900276
107.61,108.86537,0.011665939077237833
105.83,110.267815,0.041933427536903246
111.55,107.9101,0.03263018517043224
88.75,91.88455,0.03531889579665493
102.6,91.19252,0.11118401421440967
90.96,91.20944,0.00274232782181048
97.76,90.63638,0.07286842208837337
111.03,100.802246,0.09211703058857967
110.95,114.14888,0.02883172604671302
87.21,192.24155,1.2043520998837218
93.86,89.798836,0.04326831712769517
95.21,91.09576,0.04321230405669862
73.74,74.98207,0.016843923553723456
90.54,91.80941,0.014020434009441545
89.51,91.80941,0.025688862643445855
97.75,100.81637,0.03136949466012628
85.09,91.09576,0.07058122612247873
112.2,109.31657,0.02569905109371521
111.56,110.08771,0.01319731517092822
87.74,91.328415,0.04089827806008882
113.5,90.825485,0.1997754605331085
91.03,92.04105,0.01110681942186812
108.34,110.98745,0.02443649294809018
105.96,109.09803,0.029615233015591144
89.11,91.09576,0.022284328703419586
103.67,109.09803,0.05235873531717979
104.74,101.034904,0.035374217300167335
110.81,109.08391,0.015577041051758098
89.79,91.09576,0.01454233801939762
86.23,91.09576,0.05642765314579282
107.1,109.09803,0.018655743140355154
89.81,93.42736,0.04027792600676947
114.61,108.86537,0.05012327280253413
89.24,87.208115,0.02276877382313489
95.33,91.65189,0.03858288455132007
109.65,100.802246,0.08069087009803927
108.73,108.86537,0.0012450262494395155
120.95,91.65189,0.24223320698038317
101.47,96.42808,0.04968879769632495
97.07,100.75824,0.037995670609804855
91.46,91.09576,0.0039825439453124315
89.05,91.65189,0.029218344926700272
107.83,90.63638,0.15945114479606207
92.2,91.80941,0.004236333023700207
86.95,90.7836,0.0440897050433079
87.25,91.071045,0.04379421113896848
90.35,91.58763,0.013698187333546687
120.9,110.21631,0.08836800170595538
107.75,91.09576,0.15456374449409077
86.38,91.09576,0.05459315270620194
100.46,100.58371,0.0012314325781095088
113.65,112.42995,0.01073517906366866
93.0,88.97243,0.04330723260038642
88.07,91.09576,0.03435626809085643
108.99,109.09803,0.000991192681273845
93.52,91.09576,0.025922192784840432
91.23,91.328415,0.001078756077958824
114.23,90.91695,0.20408871214976093
97.14,92.04105,0.052490696191345936
107.45,109.09803,0.015337646257161735
94.71,100.81637,0.06447437549390087
114.51,90.55237,0.20921868689142872
99.23,91.09576,0.0819736316561351
90.6,91.09576,0.005471926388098504
121.92,110.03516,0.09748067380249345
107.26,109.08391,0.01700455044802053
107.66,109.86917,0.02051988800462687
95.35,100.81637,0.05732950291586104
99.48,100.58371,0.011094790076365811
89.03,91.328415,0.025816184623072967
113.91,108.15024,0.05056414680792399
